run_name,subject_id,samples,mae,true_mean,pred_mean
visual_baseline_fixed_age_split_seed42,group01_subject_08,1613,0.20611265839365647,2.878642281463112,2.779935278806787
visual_baseline_fixed_age_split_seed42,group01_subject_10,1610,0.24561188798513472,2.8425465838509316,2.9860181503414367
visual_baseline_fixed_age_split_seed42,group01_subject_15,1116,0.3417455947100048,2.6350806451612905,2.79565671759267
visual_baseline_fixed_age_split_seed42,group01_subject_18,1855,0.25514511599373624,2.8776280323450134,2.876151475238029
visual_baseline_fixed_age_split_seed42,group02_subject_07,1050,0.23459035623641242,3.0030952380952383,2.9581450664429436
visual_baseline_fixed_age_split_seed42,group02_subject_10,1320,0.30149898474866693,2.8854166666666665,2.794678270636183
visual_baseline_fixed_age_split_seed42,group02_subject_16,2090,0.24394665540120247,2.852392344497608,2.885925881600266
visual_baseline_fixed_age_split_seed42,group02_subject_20,2459,0.29381873560126304,2.7932086213908094,2.824490191927767
visual_baseline_fixed_age_split_seed42,group03_subject_11,2523,0.3879219495347696,3.162504954419342,2.806444257202481
visual_baseline_fixed_age_split_seed100,group01_subject_08,1613,0.2016223745174609,2.878642281463112,2.8786390392364956
visual_baseline_fixed_age_split_seed100,group01_subject_10,1610,0.23699173557091943,2.8425465838509316,2.9933967055741304
visual_baseline_fixed_age_split_seed100,group01_subject_15,1116,0.29489143988564875,2.6350806451612905,2.823662600209636
visual_baseline_fixed_age_split_seed100,group01_subject_18,1855,0.249739125732463,2.8776280323450134,3.013696358852952
visual_baseline_fixed_age_split_seed100,group02_subject_07,1050,0.23565071151370093,3.0030952380952383,2.8822925794692265
visual_baseline_fixed_age_split_seed100,group02_subject_10,1320,0.2965935710704688,2.8854166666666665,2.8912188143441173
visual_baseline_fixed_age_split_seed100,group02_subject_16,2090,0.285696265343844,2.852392344497608,3.047471491343667
visual_baseline_fixed_age_split_seed100,group02_subject_20,2459,0.2865867891075069,2.7932086213908094,2.7882112255422213
visual_baseline_fixed_age_split_seed100,group03_subject_11,2523,0.33759060276438213,3.162504954419342,2.890623835595033
visual_baseline_fixed_age_split_seed2000,group01_subject_08,1613,0.18638347012613843,2.878642281463112,2.8650572435943076
visual_baseline_fixed_age_split_seed2000,group01_subject_10,1610,0.26695710590907507,2.8425465838509316,3.0094695805022433
visual_baseline_fixed_age_split_seed2000,group01_subject_15,1116,0.31339713728128793,2.6350806451612905,2.857089027495367
visual_baseline_fixed_age_split_seed2000,group01_subject_18,1855,0.2616950726573358,2.8776280323450134,2.917135948119459
visual_baseline_fixed_age_split_seed2000,group02_subject_07,1050,0.23749896957760766,3.0030952380952383,2.9967023645128523
visual_baseline_fixed_age_split_seed2000,group02_subject_10,1320,0.31372601516319043,2.8854166666666665,2.889295667951757
visual_baseline_fixed_age_split_seed2000,group02_subject_16,2090,0.24747819227465032,2.852392344497608,2.9728555208187926
visual_baseline_fixed_age_split_seed2000,group02_subject_20,2459,0.39029901344730583,2.7932086213908094,2.9973634314178303
visual_baseline_fixed_age_split_seed2000,group03_subject_11,2523,0.358777123786512,3.162504954419342,2.851281655482059
visual_baseline_fixed_age_split_seed2025,group01_subject_08,1613,0.19222833529364153,2.878642281463112,2.8203461130287657
visual_baseline_fixed_age_split_seed2025,group01_subject_10,1610,0.26598497977167923,2.8425465838509316,2.986865384830451
visual_baseline_fixed_age_split_seed2025,group01_subject_15,1116,0.2947770113586098,2.6350806451612905,2.780457337697347
visual_baseline_fixed_age_split_seed2025,group01_subject_18,1855,0.2312392718065781,2.8776280323450134,2.8479795556184095
visual_baseline_fixed_age_split_seed2025,group02_subject_07,1050,0.2709652028764997,3.0030952380952383,3.0204325235457645
visual_baseline_fixed_age_split_seed2025,group02_subject_10,1320,0.29028552264878243,2.8854166666666665,2.8284444783673144
visual_baseline_fixed_age_split_seed2025,group02_subject_16,2090,0.259253782290591,2.852392344497608,2.8607581946268037
visual_baseline_fixed_age_split_seed2025,group02_subject_20,2459,0.32997879336257446,2.7932086213908094,2.841792935227514
visual_baseline_fixed_age_split_seed2025,group03_subject_11,2523,0.36323553354457594,3.162504954419342,2.842218569522333
visual_baseline_fixed_age_split_seed2026,group01_subject_08,1613,0.18727768317410018,2.878642281463112,2.8696070404726752
visual_baseline_fixed_age_split_seed2026,group01_subject_10,1610,0.25303110839417264,2.8425465838509316,2.979042261431676
visual_baseline_fixed_age_split_seed2026,group01_subject_15,1116,0.3107217439186616,2.6350806451612905,2.7837741584333466
visual_baseline_fixed_age_split_seed2026,group01_subject_18,1855,0.25502417376741887,2.8776280323450134,2.795569230154197
visual_baseline_fixed_age_split_seed2026,group02_subject_07,1050,0.22511064665658134,3.0030952380952383,2.986916103363037
visual_baseline_fixed_age_split_seed2026,group02_subject_10,1320,0.32329126000404357,2.8854166666666665,2.860442831480142
visual_baseline_fixed_age_split_seed2026,group02_subject_16,2090,0.26957630677656697,2.852392344497608,2.910338153793481
visual_baseline_fixed_age_split_seed2026,group02_subject_20,2459,0.30684833402505685,2.7932086213908094,2.768125632760388
visual_baseline_fixed_age_split_seed2026,group03_subject_11,2523,0.40258181714085517,3.162504954419342,2.784414642064098
visual_baseline_fixed_age_split_seed2027,group01_subject_08,1613,0.20084630489644986,2.878642281463112,2.896854599587901
visual_baseline_fixed_age_split_seed2027,group01_subject_10,1610,0.24663670151870443,2.8425465838509316,2.9726746533968433
visual_baseline_fixed_age_split_seed2027,group01_subject_15,1116,0.3417742769350715,2.6350806451612905,2.8651272007214126
visual_baseline_fixed_age_split_seed2027,group01_subject_18,1855,0.23237577487194955,2.8776280323450134,2.904748959682701
visual_baseline_fixed_age_split_seed2027,group02_subject_07,1050,0.28326004618690126,3.0030952380952383,3.043009669440133
visual_baseline_fixed_age_split_seed2027,group02_subject_10,1320,0.300943893736059,2.8854166666666665,2.891607391473019
visual_baseline_fixed_age_split_seed2027,group02_subject_16,2090,0.30660547514281206,2.852392344497608,2.975029802892767
visual_baseline_fixed_age_split_seed2027,group02_subject_20,2459,0.3294669110971818,2.7932086213908094,2.85381668532171
visual_baseline_fixed_age_split_seed2027,group03_subject_11,2523,0.35299844256101315,3.162504954419342,2.8491842684365905
visual_baseline_fixed_age_split_seed2048,group01_subject_08,1613,0.18362800230982876,2.878642281463112,2.8237851904699394
visual_baseline_fixed_age_split_seed2048,group01_subject_10,1610,0.23708643913269042,2.8425465838509316,2.97403559625519
visual_baseline_fixed_age_split_seed2048,group01_subject_15,1116,0.338421193929556,2.6350806451612905,2.8702445987304905
visual_baseline_fixed_age_split_seed2048,group01_subject_18,1855,0.26162982642489946,2.8776280323450134,2.8856105285192113
visual_baseline_fixed_age_split_seed2048,group02_subject_07,1050,0.24387498787471226,3.0030952380952383,3.0382445728211174
visual_baseline_fixed_age_split_seed2048,group02_subject_10,1320,0.28205549084778986,2.8854166666666665,2.8056064661705133
visual_baseline_fixed_age_split_seed2048,group02_subject_16,2090,0.2564854093715905,2.852392344497608,2.872949488995748
visual_baseline_fixed_age_split_seed2048,group02_subject_20,2459,0.2761041185341021,2.7932086213908094,2.7469626883754596
visual_baseline_fixed_age_split_seed2048,group03_subject_11,2523,0.3712461363262852,3.162504954419342,2.822194404749468
visual_baseline_fixed_age_split_seed4096,group01_subject_08,1613,0.1965282295922352,2.878642281463112,2.7811918752354563
visual_baseline_fixed_age_split_seed4096,group01_subject_10,1610,0.23263210746812524,2.8425465838509316,2.964335935012154
visual_baseline_fixed_age_split_seed4096,group01_subject_15,1116,0.2764254032924611,2.6350806451612905,2.8094703397015945
visual_baseline_fixed_age_split_seed4096,group01_subject_18,1855,0.26139101403742787,2.8776280323450134,2.858702632359096
visual_baseline_fixed_age_split_seed4096,group02_subject_07,1050,0.27510831219809395,3.0030952380952383,3.0889983660834175
visual_baseline_fixed_age_split_seed4096,group02_subject_10,1320,0.328380829818321,2.8854166666666665,2.834768311724518
visual_baseline_fixed_age_split_seed4096,group02_subject_16,2090,0.24511719537123539,2.852392344497608,2.9148406194157577
visual_baseline_fixed_age_split_seed4096,group02_subject_20,2459,0.282080144211256,2.7932086213908094,2.829133671733023
visual_baseline_fixed_age_split_seed4096,group03_subject_11,2523,0.4285027168121217,3.162504954419342,2.7666718281312352
visual_baseline_fixed_age_split_seed7000,group01_subject_08,1613,0.19620935678925489,2.878642281463112,2.8251239675508844
visual_baseline_fixed_age_split_seed7000,group01_subject_10,1610,0.242560711262389,2.8425465838509316,2.9790366551890877
visual_baseline_fixed_age_split_seed7000,group01_subject_15,1116,0.3651721165598934,2.6350806451612905,2.8108094678557474
visual_baseline_fixed_age_split_seed7000,group01_subject_18,1855,0.24692210469927106,2.8776280323450134,2.8894581479846306
visual_baseline_fixed_age_split_seed7000,group02_subject_07,1050,0.26833759239741733,3.0030952380952383,3.0675233429954165
visual_baseline_fixed_age_split_seed7000,group02_subject_10,1320,0.28676929582249033,2.8854166666666665,2.8174953836383243
visual_baseline_fixed_age_split_seed7000,group02_subject_16,2090,0.260483457483173,2.852392344497608,2.905127288508073
visual_baseline_fixed_age_split_seed7000,group02_subject_20,2459,0.31787688124223473,2.7932086213908094,2.765118709760451
visual_baseline_fixed_age_split_seed7000,group03_subject_11,2523,0.3744928088397957,3.162504954419342,2.8164272031470325
visual_baseline_fixed_age_split_seed8192,group01_subject_08,1613,0.1852136129780135,2.878642281463112,2.860466120336193
visual_baseline_fixed_age_split_seed8192,group01_subject_10,1610,0.31684830751478305,2.8425465838509316,3.106896956514868
visual_baseline_fixed_age_split_seed8192,group01_subject_15,1116,0.3318056624422791,2.6350806451612905,2.884367927855488
visual_baseline_fixed_age_split_seed8192,group01_subject_18,1855,0.261519904278038,2.8776280323450134,2.92733757373779
visual_baseline_fixed_age_split_seed8192,group02_subject_07,1050,0.24297769569215322,3.0030952380952383,3.0366502191906886
visual_baseline_fixed_age_split_seed8192,group02_subject_10,1320,0.2974775964563543,2.8854166666666665,2.9370571555513325
visual_baseline_fixed_age_split_seed8192,group02_subject_16,2090,0.2618230839095047,2.852392344497608,2.937696895302768
visual_baseline_fixed_age_split_seed8192,group02_subject_20,2459,0.33551048582867427,2.7932086213908094,2.94398975508055
visual_baseline_fixed_age_split_seed8192,group03_subject_11,2523,0.369899756654217,3.162504954419342,2.834618900203062
