run_seed,attribute,attention_bin,window_mae_gap_baseline,window_mae_gap_subject_gender_gap,subject_balanced_mae_gap_baseline,subject_balanced_mae_gap_subject_gender_gap,window_gap_reduction,subject_balanced_gap_reduction
42,age_group,"(1.999, 2.5]",0.13461915013262388,0.09371018151865401,0.1366690506730716,0.15228452905092466,0.040908968613969865,-0.015615478377853043
42,age_group,"(2.5, 3.0]",0.07877421396753126,0.11270557012246615,0.07217104108259398,0.11400136348342246,-0.033931356154934894,-0.041830322400828485
42,age_group,"(3.0, 3.5]",0.09097709280337002,0.25224636661384503,0.10695415963484389,0.16562604839610695,-0.161269273810475,-0.05867188876126306
42,age_group,"(3.5, 4.75]",0.37743687942670046,0.2858407225068601,0.3154375407494534,0.2893872339666851,0.09159615691984035,0.026050306782768318
42,gender,"(1.999, 2.5]",0.16394067877041035,0.046620573120553566,0.050626118372100404,0.009689280443951565,0.11732010564985679,0.04093683792814884
42,gender,"(2.5, 3.0]",0.03892059381361018,0.08197759202819943,0.02832699705031913,0.08722630306419957,-0.04305699821458925,-0.05889930601388044
42,gender,"(3.0, 3.5]",0.11379571903083985,0.058076526822033014,0.10372939887703969,0.022369825123820797,0.055719192208806834,0.0813595737532189
42,gender,"(3.5, 4.75]",0.21489464110708445,0.11569204355785068,0.04995676600344234,0.10002220361484138,0.09920259754923377,-0.05006543761139903
2025,age_group,"(1.999, 2.5]",0.0872151228561075,0.10573320371076789,0.04170685880154601,0.10665026888925078,-0.01851808085466039,-0.06494341008770477
2025,age_group,"(2.5, 3.0]",0.07251146045163401,0.006770346129452348,0.06930257103254028,0.01096253129025776,0.06574111432218166,0.05834003974228252
2025,age_group,"(3.0, 3.5]",0.14546832763856088,0.17313970654252525,0.11123356984059479,0.1409926765789718,-0.027671378903964372,-0.029759106738377006
2025,age_group,"(3.5, 4.75]",0.33473356584994907,0.3836559918799042,0.3049722618196846,0.3304447634023113,-0.04892242602995511,-0.025472501582626705
2025,gender,"(1.999, 2.5]",0.1128488344262446,0.16532453810952064,0.0049730384595930155,0.06421987628711484,-0.05247570368327603,-0.059246837827521825
2025,gender,"(2.5, 3.0]",0.03732396458920623,0.0010628895598388532,0.03223351768472882,0.005065672569828927,0.03626107502936737,0.02716784511489989
2025,gender,"(3.0, 3.5]",0.0010969087177518655,0.12092233396975399,0.02065103431405574,0.16620099870670307,-0.11982542525200213,-0.14554996439264734
2025,gender,"(3.5, 4.75]",0.01731123903407683,0.09721894624562855,0.07724142025348268,0.043627910245453316,-0.07990770721155172,0.03361351000802937
2026,age_group,"(1.999, 2.5]",0.1411486896094873,0.16251402835869105,0.1409557368139393,0.16963991416020108,-0.021365338749203766,-0.028684177346261774
2026,age_group,"(2.5, 3.0]",0.07177487726508211,0.0330974726598518,0.059525953828078015,0.024955862312954546,0.03867740460523031,0.03457009151512347
2026,age_group,"(3.0, 3.5]",0.1553550489856408,0.16094260244542702,0.17129005176307066,0.12170997867206834,-0.005587553459786232,0.04958007309100232
2026,age_group,"(3.5, 4.75]",0.36979836054270854,0.4096833371864828,0.2902722600905423,0.4681932083469104,-0.03988497664377427,-0.17792094825636812
2026,gender,"(1.999, 2.5]",0.17240084830749997,0.1850422416296289,0.03415972081837848,0.0498194846153992,-0.012641393322128935,-0.01565976379702072
2026,gender,"(2.5, 3.0]",0.05549047181705935,0.04135462276667409,0.048255962425603455,0.03967571961891203,0.014135849050385257,0.008580242806691424
2026,gender,"(3.0, 3.5]",0.07892589698906721,0.08268453472532372,0.11594447599057223,0.11177217531905015,-0.0037586377362565093,0.004172300671522078
2026,gender,"(3.5, 4.75]",0.1760074056616452,0.06491036312299381,0.030178602460967374,0.08381059112729594,0.11109704253865138,-0.05363198866632857
2027,age_group,"(1.999, 2.5]",0.20840997090908192,0.15020958730597017,0.20429536328450754,0.13841629563255825,0.05820038360311175,0.06587906765194929
2027,age_group,"(2.5, 3.0]",0.0805965146593067,0.07860464186763275,0.08592976773581262,0.07008137893959152,0.0019918727916739543,0.015848388796221108
2027,age_group,"(3.0, 3.5]",0.23671534484951617,0.22162222559511688,0.23162417419092107,0.21086475385198344,0.015093119254399295,0.02075942033893763
2027,age_group,"(3.5, 4.75]",0.3035952805495653,0.3697998498242742,0.2316044926353391,0.28466829836067964,-0.06620456927470891,-0.05306380572534053
2027,gender,"(1.999, 2.5]",0.2989243450926361,0.17952037666132759,0.16983307930573854,0.12952029938680004,0.11940396843130852,0.0403127799189385
2027,gender,"(2.5, 3.0]",0.06497258622536839,0.03887336035552394,0.06216315629449465,0.03485137791749185,0.02609922586984445,0.0273117783770028
2027,gender,"(3.0, 3.5]",0.12090937183693307,0.11066078280061747,0.15906442935495269,0.1302232003904255,0.010248589036315592,0.028841228964527177
2027,gender,"(3.5, 4.75]",0.1380235931317263,0.09936510038181756,0.10921371821789072,0.05919463533662972,0.038658492749908735,0.050019082881261
2028,age_group,"(1.999, 2.5]",0.08275094146238743,0.08020249507945165,0.08091704388335325,0.04596765742546893,0.002548446382935776,0.03494938645788431
2028,age_group,"(2.5, 3.0]",0.0574507067894455,0.05234804118410352,0.047251030603471716,0.05056778027610956,0.005102665605341977,-0.003316749672637842
2028,age_group,"(3.0, 3.5]",0.11309668944830104,0.12434600896672943,0.09411539434475674,0.1087820115976263,-0.011249319518428391,-0.014666617252869552
2028,age_group,"(3.5, 4.75]",0.2126376452453438,0.3223950306842165,0.2519064266628449,0.3322268998452982,-0.1097573854388727,-0.08032047318245328
2028,gender,"(1.999, 2.5]",0.018777843682113105,0.13202498115248745,0.030215002009508773,0.05032418265881272,-0.11324713747037435,-0.020109180649303948
2028,gender,"(2.5, 3.0]",0.013018300875477506,0.018372656477410376,0.006342558525343156,0.006919187853496045,-0.00535435560193287,-0.0005766293281528889
2028,gender,"(3.0, 3.5]",0.04539371118836932,0.04746997212813597,0.02448858441802676,0.06948092507006437,-0.00207626093976665,-0.04499234065203761
2028,gender,"(3.5, 4.75]",0.03829858994279056,0.03896713344540037,0.08628642455121738,0.02906465413907089,-0.0006685435026098085,0.05722177041214649
