run_seed,model,attribute,attention_bin,age_group,n_samples,n_subjects,window_mae,subject_balanced_mae,gender
42,subject_age_gap,age_group,"(1.999, 2.5]","(13.0, 20.0]",1025,3,0.3612097444766905,0.3725859027985395,
42,subject_age_gap,age_group,"(1.999, 2.5]","(20.0, 22.0]",663,2,0.519760709003086,0.5199555735119588,
42,subject_age_gap,age_group,"(1.999, 2.5]","(22.0, 26.0]",1892,3,0.3981801841022096,0.3735993594983209,
42,subject_age_gap,age_group,"(1.999, 2.5]","(26.0, 44.0]",205,1,0.35512589477911227,0.35512589477911227,
42,subject_age_gap,age_group,"(2.5, 3.0]","(13.0, 20.0]",2996,3,0.20302517511179355,0.20047317750421945,
42,subject_age_gap,age_group,"(2.5, 3.0]","(20.0, 22.0]",1717,2,0.18722204017861332,0.18252725351558494,
42,subject_age_gap,age_group,"(2.5, 3.0]","(22.0, 26.0]",2209,3,0.14971622626346504,0.1517609660113104,
42,subject_age_gap,age_group,"(2.5, 3.0]","(26.0, 44.0]",1211,1,0.14107188442145174,0.14107188442145174,
42,subject_age_gap,age_group,"(3.0, 3.5]","(13.0, 20.0]",772,3,0.2622449407305742,0.2694646148295558,
42,subject_age_gap,age_group,"(3.0, 3.5]","(20.0, 22.0]",512,2,0.3304236992262304,0.31739929533325967,
42,subject_age_gap,age_group,"(3.0, 3.5]","(22.0, 26.0]",1509,3,0.41210591216368575,0.3806555928605664,
42,subject_age_gap,age_group,"(3.0, 3.5]","(26.0, 44.0]",162,1,0.3471881062896163,0.3471881062896163,
42,subject_age_gap,age_group,"(3.5, 4.75]","(13.0, 20.0]",202,3,0.48436503481156756,0.5839505445897876,
42,subject_age_gap,age_group,"(3.5, 4.75]","(20.0, 22.0]",38,2,0.6690884640342311,0.6690884640342312,
42,subject_age_gap,age_group,"(3.5, 4.75]","(22.0, 26.0]",488,3,0.8057574229162248,0.8887018127653857,
42,subject_age_gap,age_group,"(3.5, 4.75]","(26.0, 44.0]",35,1,0.6427889755793981,0.6427889755793981,
42,subject_age_gap,gender,"(1.999, 2.5]",,2075,6,0.4066756504702281,0.3947678744104721,female
42,subject_age_gap,gender,"(1.999, 2.5]",,1710,3,0.40768835098422757,0.42166186074359285,male
42,subject_age_gap,gender,"(2.5, 3.0]",,5504,6,0.1916150030095217,0.1882593451519529,female
42,subject_age_gap,gender,"(2.5, 3.0]",,2629,3,0.1432620338180211,0.14442425036249798,male
42,subject_age_gap,gender,"(3.0, 3.5]",,2170,6,0.350007557319606,0.3055970447034573,female
42,subject_age_gap,gender,"(3.0, 3.5]",,785,3,0.369714552277972,0.3662550172685863,male
42,subject_age_gap,gender,"(3.5, 4.75]",,495,6,0.6536536650224165,0.7100109524037833,female
42,subject_age_gap,gender,"(3.5, 4.75]",,268,3,0.8037901903266338,0.7129524204302267,male
100,subject_age_gap,age_group,"(1.999, 2.5]","(13.0, 20.0]",1025,3,0.3839367082642346,0.3777360760573356,
100,subject_age_gap,age_group,"(1.999, 2.5]","(20.0, 22.0]",663,2,0.5074815703373329,0.5123360661189283,
100,subject_age_gap,age_group,"(1.999, 2.5]","(22.0, 26.0]",1892,3,0.3954726826816986,0.34681083447915606,
100,subject_age_gap,age_group,"(1.999, 2.5]","(26.0, 44.0]",205,1,0.42067254927100206,0.42067254927100206,
100,subject_age_gap,age_group,"(2.5, 3.0]","(13.0, 20.0]",2996,3,0.15179663108728916,0.15182520908651664,
100,subject_age_gap,age_group,"(2.5, 3.0]","(20.0, 22.0]",1717,2,0.15535595310102318,0.15746331865394425,
100,subject_age_gap,age_group,"(2.5, 3.0]","(22.0, 26.0]",2209,3,0.1684997918218334,0.15951460756715763,
100,subject_age_gap,age_group,"(2.5, 3.0]","(26.0, 44.0]",1211,1,0.11542685715055584,0.11542685715055584,
100,subject_age_gap,age_group,"(3.0, 3.5]","(13.0, 20.0]",772,3,0.3388882131156526,0.32661684758241694,
100,subject_age_gap,age_group,"(3.0, 3.5]","(20.0, 22.0]",512,2,0.36020358139649034,0.351380182604379,
100,subject_age_gap,age_group,"(3.0, 3.5]","(22.0, 26.0]",1509,3,0.427691106214833,0.3680859244785239,
100,subject_age_gap,age_group,"(3.0, 3.5]","(26.0, 44.0]",162,1,0.3182563443242768,0.3182563443242768,
100,subject_age_gap,age_group,"(3.5, 4.75]","(13.0, 20.0]",202,3,0.5393355294029312,0.6576633486482832,
100,subject_age_gap,age_group,"(3.5, 4.75]","(20.0, 22.0]",38,2,0.6477852118642706,0.6477852118642706,
100,subject_age_gap,age_group,"(3.5, 4.75]","(22.0, 26.0]",488,3,0.8066125951829504,0.8632765321317316,
100,subject_age_gap,age_group,"(3.5, 4.75]","(26.0, 44.0]",35,1,0.6596063954489572,0.6596063954489572,
100,subject_age_gap,gender,"(1.999, 2.5]",,2075,6,0.38301887983299165,0.362590038345658,female
100,subject_age_gap,gender,"(1.999, 2.5]",,1710,3,0.4501189588803297,0.4811483943481285,male
100,subject_age_gap,gender,"(2.5, 3.0]",,5504,6,0.15676101479072904,0.153794723823261,female
100,subject_age_gap,gender,"(2.5, 3.0]",,2629,3,0.1410095918400744,0.1472015338266337,male
100,subject_age_gap,gender,"(3.0, 3.5]",,2170,6,0.39847542975904754,0.3433944238781719,female
100,subject_age_gap,gender,"(3.0, 3.5]",,785,3,0.3545193104227637,0.34825282748227543,male
100,subject_age_gap,gender,"(3.5, 4.75]",,495,6,0.7278804764603124,0.7644782767378836,female
100,subject_age_gap,gender,"(3.5, 4.75]",,268,3,0.7088580202700486,0.6437089336967473,male
2000,subject_age_gap,age_group,"(1.999, 2.5]","(13.0, 20.0]",1025,3,0.38104999658538075,0.48748722041227716,
2000,subject_age_gap,age_group,"(1.999, 2.5]","(20.0, 22.0]",663,2,0.6004202380259472,0.5957529345528311,
2000,subject_age_gap,age_group,"(1.999, 2.5]","(22.0, 26.0]",1892,3,0.4402606739302266,0.4120303141398542,
2000,subject_age_gap,age_group,"(1.999, 2.5]","(26.0, 44.0]",205,1,0.47237724094856076,0.47237724094856076,
2000,subject_age_gap,age_group,"(2.5, 3.0]","(13.0, 20.0]",2996,3,0.306394270647352,0.29429581171281494,
2000,subject_age_gap,age_group,"(2.5, 3.0]","(20.0, 22.0]",1717,2,0.30700515770398396,0.28231401662890065,
2000,subject_age_gap,age_group,"(2.5, 3.0]","(22.0, 26.0]",2209,3,0.16631147763263915,0.16247515633733953,
2000,subject_age_gap,age_group,"(2.5, 3.0]","(26.0, 44.0]",1211,1,0.12879257631341257,0.12879257631341257,
2000,subject_age_gap,age_group,"(3.0, 3.5]","(13.0, 20.0]",772,3,0.29664231334943225,0.29705795829033377,
2000,subject_age_gap,age_group,"(3.0, 3.5]","(20.0, 22.0]",512,2,0.3282040203921497,0.3025122492456994,
2000,subject_age_gap,age_group,"(3.0, 3.5]","(22.0, 26.0]",1509,3,0.3767800217357355,0.37077764952354636,
2000,subject_age_gap,age_group,"(3.0, 3.5]","(26.0, 44.0]",162,1,0.289577841758728,0.289577841758728,
2000,subject_age_gap,age_group,"(3.5, 4.75]","(13.0, 20.0]",202,3,0.3064420128812884,0.3937175674916895,
2000,subject_age_gap,age_group,"(3.5, 4.75]","(20.0, 22.0]",38,2,0.5269170811301783,0.5269170811301783,
2000,subject_age_gap,age_group,"(3.5, 4.75]","(22.0, 26.0]",488,3,0.7706440350071329,0.7753740179213837,
2000,subject_age_gap,age_group,"(3.5, 4.75]","(26.0, 44.0]",35,1,0.5432000841413226,0.5432000841413226,
2000,subject_age_gap,gender,"(1.999, 2.5]",,2075,6,0.4621218474514513,0.49400694852709764,female
2000,subject_age_gap,gender,"(1.999, 2.5]",,1710,3,0.4441886317660237,0.4661313408493437,male
2000,subject_age_gap,gender,"(2.5, 3.0]",,5504,6,0.28866165794085624,0.26961789487277943,female
2000,subject_age_gap,gender,"(2.5, 3.0]",,2629,3,0.1444051690136085,0.14867538149500023,male
2000,subject_age_gap,gender,"(3.0, 3.5]",,2170,6,0.33931278006821736,0.31244265041915026,female
2000,subject_age_gap,gender,"(3.0, 3.5]",,785,3,0.3518627449205727,0.3411510870589552,male
2000,subject_age_gap,gender,"(3.5, 4.75]",,495,6,0.6025545809004041,0.5381452132623875,female
2000,subject_age_gap,gender,"(3.5, 4.75]",,268,3,0.6669623513719929,0.6251459076888579,male
2025,subject_age_gap,age_group,"(1.999, 2.5]","(13.0, 20.0]",1025,3,0.4146930229373095,0.40781812259739225,
2025,subject_age_gap,age_group,"(1.999, 2.5]","(20.0, 22.0]",663,2,0.4880835711506517,0.4926945634728648,
2025,subject_age_gap,age_group,"(1.999, 2.5]","(22.0, 26.0]",1892,3,0.39020081012495983,0.33637687805708927,
2025,subject_age_gap,age_group,"(1.999, 2.5]","(26.0, 44.0]",205,1,0.32735900413699265,0.32735900413699265,
2025,subject_age_gap,age_group,"(2.5, 3.0]","(13.0, 20.0]",2996,3,0.15279838749181443,0.15081300698966787,
2025,subject_age_gap,age_group,"(2.5, 3.0]","(20.0, 22.0]",1717,2,0.12861510675593593,0.1302913757048605,
2025,subject_age_gap,age_group,"(2.5, 3.0]","(22.0, 26.0]",2209,3,0.1620892752020971,0.15399589255061708,
2025,subject_age_gap,age_group,"(2.5, 3.0]","(26.0, 44.0]",1211,1,0.1340005807301705,0.1340005807301705,
2025,subject_age_gap,age_group,"(3.0, 3.5]","(13.0, 20.0]",772,3,0.31365174981596555,0.313558486712632,
2025,subject_age_gap,age_group,"(3.0, 3.5]","(20.0, 22.0]",512,2,0.3220955077558756,0.3277700015059017,
2025,subject_age_gap,age_group,"(3.0, 3.5]","(22.0, 26.0]",1509,3,0.43437312816925755,0.3906862182579976,
2025,subject_age_gap,age_group,"(3.0, 3.5]","(26.0, 44.0]",162,1,0.5161830142692283,0.5161830142692283,
2025,subject_age_gap,age_group,"(3.5, 4.75]","(13.0, 20.0]",202,3,0.4791025537075383,0.5967008700615929,
2025,subject_age_gap,age_group,"(3.5, 4.75]","(20.0, 22.0]",38,2,0.7506398464504042,0.750639846450404,
2025,subject_age_gap,age_group,"(3.5, 4.75]","(22.0, 26.0]",488,3,0.8220861788655891,0.8820902969793014,
2025,subject_age_gap,age_group,"(3.5, 4.75]","(26.0, 44.0]",35,1,0.8297176837921143,0.8297176837921143,
2025,subject_age_gap,gender,"(1.999, 2.5]",,2075,6,0.39778391861053836,0.3719473758292822,female
2025,subject_age_gap,gender,"(1.999, 2.5]",,1710,3,0.4260974582872893,0.43788295935682436,male
2025,subject_age_gap,gender,"(2.5, 3.0]",,5504,6,0.15360883051572843,0.15083083176469195,female
2025,subject_age_gap,gender,"(2.5, 3.0]",,2629,3,0.13445531238209119,0.13467501339086488,male
2025,subject_age_gap,gender,"(3.0, 3.5]",,2170,6,0.38712447887192125,0.3418105986892844,female
2025,subject_age_gap,gender,"(3.0, 3.5]",,785,3,0.3899141788482666,0.41119784668573817,male
2025,subject_age_gap,gender,"(3.5, 4.75]",,495,6,0.6874226536413636,0.7525339524148055,female
2025,subject_age_gap,gender,"(3.5, 4.75]",,268,3,0.8031604129876664,0.7507223877755905,male
2026,subject_age_gap,age_group,"(1.999, 2.5]","(13.0, 20.0]",1025,3,0.4269586465416885,0.3879166642402662,
2026,subject_age_gap,age_group,"(1.999, 2.5]","(20.0, 22.0]",663,2,0.5631886779992289,0.5684003600965906,
2026,subject_age_gap,age_group,"(1.999, 2.5]","(22.0, 26.0]",1892,3,0.39318389620387784,0.35021870181836495,
2026,subject_age_gap,age_group,"(1.999, 2.5]","(26.0, 44.0]",205,1,0.44495607934347015,0.44495607934347015,
2026,subject_age_gap,age_group,"(2.5, 3.0]","(13.0, 20.0]",2996,3,0.16481155738015676,0.16339484553187492,
2026,subject_age_gap,age_group,"(2.5, 3.0]","(20.0, 22.0]",1717,2,0.153955870335645,0.1589561616891503,
2026,subject_age_gap,age_group,"(2.5, 3.0]","(22.0, 26.0]",2209,3,0.17611247654574227,0.17813056242693834,
2026,subject_age_gap,age_group,"(2.5, 3.0]","(26.0, 44.0]",1211,1,0.12038806132498504,0.12038806132498504,
2026,subject_age_gap,age_group,"(3.0, 3.5]","(13.0, 20.0]",772,3,0.3198271452454088,0.33168912370036646,
2026,subject_age_gap,age_group,"(3.0, 3.5]","(20.0, 22.0]",512,2,0.28872595308348536,0.2952441229004952,
2026,subject_age_gap,age_group,"(3.0, 3.5]","(22.0, 26.0]",1509,3,0.42814813345927444,0.38943731452084807,
2026,subject_age_gap,age_group,"(3.0, 3.5]","(26.0, 44.0]",162,1,0.3414712290704986,0.3414712290704986,
2026,subject_age_gap,age_group,"(3.5, 4.75]","(13.0, 20.0]",202,3,0.4700416456354727,0.6307462734072956,
2026,subject_age_gap,age_group,"(3.5, 4.75]","(20.0, 22.0]",38,2,0.625631752767061,0.625631752767061,
2026,subject_age_gap,age_group,"(3.5, 4.75]","(22.0, 26.0]",488,3,0.7421987931259343,0.8484460975607834,
2026,subject_age_gap,age_group,"(3.5, 4.75]","(26.0, 44.0]",35,1,0.6667583329336983,0.6667583329336983,
2026,subject_age_gap,gender,"(1.999, 2.5]",,2075,6,0.40729599952697754,0.3766352041500691,female
2026,subject_age_gap,gender,"(1.999, 2.5]",,1710,3,0.468425400633561,0.51211722427071,male
2026,subject_age_gap,gender,"(2.5, 3.0]",,5504,6,0.16510030648909335,0.16744476457451626,female
2026,subject_age_gap,gender,"(2.5, 3.0]",,2629,3,0.1461498559586854,0.15273600704420928,male
2026,subject_age_gap,gender,"(3.0, 3.5]",,2170,6,0.3819014198769073,0.3447605880621903,female
2026,subject_age_gap,gender,"(3.0, 3.5]",,785,3,0.3406395356366589,0.3422584203873303,male
2026,subject_age_gap,gender,"(3.5, 4.75]",,495,6,0.6127081495342832,0.7402132221291496,female
2026,subject_age_gap,gender,"(3.5, 4.75]",,268,3,0.7498561108290259,0.6381065395323863,male
2027,subject_age_gap,age_group,"(1.999, 2.5]","(13.0, 20.0]",1025,3,0.46718969693998014,0.4079307245639055,
2027,subject_age_gap,age_group,"(1.999, 2.5]","(20.0, 22.0]",663,2,0.5771713652402207,0.5783809708713767,
2027,subject_age_gap,age_group,"(1.999, 2.5]","(22.0, 26.0]",1892,3,0.410397692412201,0.38626932146373666,
2027,subject_age_gap,age_group,"(1.999, 2.5]","(26.0, 44.0]",205,1,0.3731787216372606,0.3731787216372606,
2027,subject_age_gap,age_group,"(2.5, 3.0]","(13.0, 20.0]",2996,3,0.19938364859735058,0.2021600858327883,
2027,subject_age_gap,age_group,"(2.5, 3.0]","(20.0, 22.0]",1717,2,0.19759085543570853,0.19644058423514105,
2027,subject_age_gap,age_group,"(2.5, 3.0]","(22.0, 26.0]",2209,3,0.15822317827983698,0.15856541255665652,
2027,subject_age_gap,age_group,"(2.5, 3.0]","(26.0, 44.0]",1211,1,0.125927771742338,0.125927771742338,
2027,subject_age_gap,age_group,"(3.0, 3.5]","(13.0, 20.0]",772,3,0.25925644166728995,0.2864309432610804,
2027,subject_age_gap,age_group,"(3.0, 3.5]","(20.0, 22.0]",512,2,0.21515881037339568,0.21966570382933992,
2027,subject_age_gap,age_group,"(3.0, 3.5]","(22.0, 26.0]",1509,3,0.3487089809951125,0.32564436237428507,
2027,subject_age_gap,age_group,"(3.0, 3.5]","(26.0, 44.0]",162,1,0.357113888234268,0.357113888234268,
2027,subject_age_gap,age_group,"(3.5, 4.75]","(13.0, 20.0]",202,3,0.46404068776876617,0.5890964649605316,
2027,subject_age_gap,age_group,"(3.5, 4.75]","(20.0, 22.0]",38,2,0.5727024454819528,0.5727024454819529,
2027,subject_age_gap,age_group,"(3.5, 4.75]","(22.0, 26.0]",488,3,0.7040498163856443,0.7554614312897115,
2027,subject_age_gap,age_group,"(3.5, 4.75]","(26.0, 44.0]",35,1,0.6657375471932547,0.6657375471932547,
2027,subject_age_gap,gender,"(1.999, 2.5]",,2075,6,0.4941356240697654,0.4302266302084394,female
2027,subject_age_gap,gender,"(1.999, 2.5]",,1710,3,0.403027313773395,0.443727006737435,male
2027,subject_age_gap,gender,"(2.5, 3.0]",,5504,6,0.19172706316376842,0.1910169529273655,female
2027,subject_age_gap,gender,"(2.5, 3.0]",,2629,3,0.14582148601275155,0.1516279059389205,male
2027,subject_age_gap,gender,"(3.0, 3.5]",,2170,6,0.3208745136788364,0.3039973866281977,female
2027,subject_age_gap,gender,"(3.0, 3.5]",,785,3,0.25231068969532183,0.2695622976766194,male
2027,subject_age_gap,gender,"(3.5, 4.75]",,495,6,0.6247290606450553,0.6681957647227131,female
2027,subject_age_gap,gender,"(3.5, 4.75]",,268,3,0.6460266842770932,0.6118805128572037,male
2048,subject_age_gap,age_group,"(1.999, 2.5]","(13.0, 20.0]",1025,3,0.3937668400275998,0.36750734955198566,
2048,subject_age_gap,age_group,"(1.999, 2.5]","(20.0, 22.0]",663,2,0.47332079522030746,0.47663069376217326,
2048,subject_age_gap,age_group,"(1.999, 2.5]","(22.0, 26.0]",1892,3,0.37711835651014625,0.35592909663365324,
2048,subject_age_gap,age_group,"(1.999, 2.5]","(26.0, 44.0]",205,1,0.38051432632818455,0.38051432632818455,
2048,subject_age_gap,age_group,"(2.5, 3.0]","(13.0, 20.0]",2996,3,0.14891862741936351,0.15096765860272418,
2048,subject_age_gap,age_group,"(2.5, 3.0]","(20.0, 22.0]",1717,2,0.1278650824525152,0.1312446779358765,
2048,subject_age_gap,age_group,"(2.5, 3.0]","(22.0, 26.0]",2209,3,0.14840145357165632,0.14906048824174156,
2048,subject_age_gap,age_group,"(2.5, 3.0]","(26.0, 44.0]",1211,1,0.11236526117553207,0.11236526117553207,
2048,subject_age_gap,age_group,"(3.0, 3.5]","(13.0, 20.0]",772,3,0.252068164126243,0.2888606421538549,
2048,subject_age_gap,age_group,"(3.0, 3.5]","(20.0, 22.0]",512,2,0.3493280024267733,0.33830653676565003,
2048,subject_age_gap,age_group,"(3.0, 3.5]","(22.0, 26.0]",1509,3,0.34597810472851165,0.3824648942850355,
2048,subject_age_gap,age_group,"(3.0, 3.5]","(26.0, 44.0]",162,1,0.3345140586664647,0.3345140586664647,
2048,subject_age_gap,age_group,"(3.5, 4.75]","(13.0, 20.0]",202,3,0.40947107395323196,0.5706482113890387,
2048,subject_age_gap,age_group,"(3.5, 4.75]","(20.0, 22.0]",38,2,0.7531356246847856,0.7531356246847856,
2048,subject_age_gap,age_group,"(3.5, 4.75]","(22.0, 26.0]",488,3,0.7773441564841349,0.8527450674417906,
2048,subject_age_gap,age_group,"(3.5, 4.75]","(26.0, 44.0]",35,1,0.762875713620867,0.762875713620867,
2048,subject_age_gap,gender,"(1.999, 2.5]",,2075,6,0.40680555263197565,0.371848975919179,female
2048,subject_age_gap,gender,"(1.999, 2.5]",,1710,3,0.388780435065777,0.42433039896479124,male
2048,subject_age_gap,gender,"(2.5, 3.0]",,5504,6,0.14513968537713207,0.14782525635395452,female
2048,subject_age_gap,gender,"(2.5, 3.0]",,2629,3,0.12580786163065996,0.12932917315231837,male
2048,subject_age_gap,gender,"(3.0, 3.5]",,2170,6,0.29712422893893337,0.3140379194184883,female
2048,subject_age_gap,gender,"(3.0, 3.5]",,785,3,0.38849072699334214,0.38029207500116874,male
2048,subject_age_gap,gender,"(3.5, 4.75]",,495,6,0.6057582036413328,0.7143589625949239,female
2048,subject_age_gap,gender,"(3.5, 4.75]",,268,3,0.8116664112503849,0.7510576746377943,male
4096,subject_age_gap,age_group,"(1.999, 2.5]","(13.0, 20.0]",1025,3,0.3694877882701595,0.4121846564844034,
4096,subject_age_gap,age_group,"(1.999, 2.5]","(20.0, 22.0]",663,2,0.41544115813069754,0.41157663087082746,
4096,subject_age_gap,age_group,"(1.999, 2.5]","(22.0, 26.0]",1892,3,0.3589321033395118,0.40404159636020626,
4096,subject_age_gap,age_group,"(1.999, 2.5]","(26.0, 44.0]",205,1,0.27909124769815585,0.27909124769815585,
4096,subject_age_gap,age_group,"(2.5, 3.0]","(13.0, 20.0]",2996,3,0.23390446342677076,0.2221088661422895,
4096,subject_age_gap,age_group,"(2.5, 3.0]","(20.0, 22.0]",1717,2,0.20824975889646943,0.20800155342441434,
4096,subject_age_gap,age_group,"(2.5, 3.0]","(22.0, 26.0]",2209,3,0.16889450473448658,0.16683609353643644,
4096,subject_age_gap,age_group,"(2.5, 3.0]","(26.0, 44.0]",1211,1,0.14784698009884722,0.14784698009884722,
4096,subject_age_gap,age_group,"(3.0, 3.5]","(13.0, 20.0]",772,3,0.3078766690634693,0.33885950723153124,
4096,subject_age_gap,age_group,"(3.0, 3.5]","(20.0, 22.0]",512,2,0.4796532653272152,0.44040706599010104,
4096,subject_age_gap,age_group,"(3.0, 3.5]","(22.0, 26.0]",1509,3,0.38772726848948624,0.4331195745314165,
4096,subject_age_gap,age_group,"(3.0, 3.5]","(26.0, 44.0]",162,1,0.5258425665490422,0.5258425665490422,
4096,subject_age_gap,age_group,"(3.5, 4.75]","(13.0, 20.0]",202,3,0.3299843828276833,0.4602499879612456,
4096,subject_age_gap,age_group,"(3.5, 4.75]","(20.0, 22.0]",38,2,0.8244172271929289,0.8244172271929289,
4096,subject_age_gap,age_group,"(3.5, 4.75]","(22.0, 26.0]",488,3,0.7631659195071361,0.8049199585851797,
4096,subject_age_gap,age_group,"(3.5, 4.75]","(26.0, 44.0]",35,1,0.841997023991176,0.841997023991176,
4096,subject_age_gap,gender,"(1.999, 2.5]",,2075,6,0.4606821090054799,0.45153228999881184,female
4096,subject_age_gap,gender,"(1.999, 2.5]",,1710,3,0.2541288537588733,0.28057650932692285,male
4096,subject_age_gap,gender,"(2.5, 3.0]",,5504,6,0.21039194215175716,0.1992555231214047,female
4096,subject_age_gap,gender,"(2.5, 3.0]",,2629,3,0.1721095521897134,0.1783839424184751,male
4096,subject_age_gap,gender,"(3.0, 3.5]",,2170,6,0.33426554422774074,0.3497439271158245,female
4096,subject_age_gap,gender,"(3.0, 3.5]",,785,3,0.545444552002439,0.5413767937077134,male
4096,subject_age_gap,gender,"(3.5, 4.75]",,495,6,0.538149486406885,0.6139588988176625,female
4096,subject_age_gap,gender,"(3.5, 4.75]",,268,3,0.8712521222100329,0.8675293083701118,male
7000,subject_age_gap,age_group,"(1.999, 2.5]","(13.0, 20.0]",1025,3,0.36021170150942916,0.37408071005279425,
7000,subject_age_gap,age_group,"(1.999, 2.5]","(20.0, 22.0]",663,2,0.3998013459719144,0.40079318992610047,
7000,subject_age_gap,age_group,"(1.999, 2.5]","(22.0, 26.0]",1892,3,0.2303922647653624,0.22797638715447355,
7000,subject_age_gap,age_group,"(1.999, 2.5]","(26.0, 44.0]",205,1,0.3342023919268352,0.3342023919268352,
7000,subject_age_gap,age_group,"(2.5, 3.0]","(13.0, 20.0]",2996,3,0.1925467134954455,0.1879650535424381,
7000,subject_age_gap,age_group,"(2.5, 3.0]","(20.0, 22.0]",1717,2,0.1548606749530719,0.1581221579084225,
7000,subject_age_gap,age_group,"(2.5, 3.0]","(22.0, 26.0]",2209,3,0.23865844135966544,0.22044682276773594,
7000,subject_age_gap,age_group,"(2.5, 3.0]","(26.0, 44.0]",1211,1,0.1316600103795676,0.1316600103795676,
7000,subject_age_gap,age_group,"(3.0, 3.5]","(13.0, 20.0]",772,3,0.28634809027064034,0.3144976301615758,
7000,subject_age_gap,age_group,"(3.0, 3.5]","(20.0, 22.0]",512,2,0.44080995488911867,0.41852654861063443,
7000,subject_age_gap,age_group,"(3.0, 3.5]","(22.0, 26.0]",1509,3,0.5792401013902041,0.4760937275390566,
7000,subject_age_gap,age_group,"(3.0, 3.5]","(26.0, 44.0]",162,1,0.43946182580641757,0.43946182580641757,
7000,subject_age_gap,age_group,"(3.5, 4.75]","(13.0, 20.0]",202,3,0.4429552472463929,0.5940506331956209,
7000,subject_age_gap,age_group,"(3.5, 4.75]","(20.0, 22.0]",38,2,0.7739414604086625,0.7739414604086625,
7000,subject_age_gap,age_group,"(3.5, 4.75]","(22.0, 26.0]",488,3,0.9830331885423816,0.9735616011074489,
7000,subject_age_gap,age_group,"(3.5, 4.75]","(26.0, 44.0]",35,1,0.7517256396157401,0.7517256396157401,
7000,subject_age_gap,gender,"(1.999, 2.5]",,2075,6,0.35526726366525674,0.33642766704973326,female
7000,subject_age_gap,gender,"(1.999, 2.5]",,1710,3,0.2348066488901774,0.30779802036748,male
7000,subject_age_gap,gender,"(2.5, 3.0]",,5504,6,0.20437005500114241,0.1992998725984715,female
7000,subject_age_gap,gender,"(2.5, 3.0]",,2629,3,0.15387969544832586,0.1591135731787019,male
7000,subject_age_gap,gender,"(3.0, 3.5]",,2170,6,0.46846530382534324,0.37219992715513944,female
7000,subject_age_gap,gender,"(3.0, 3.5]",,785,3,0.4782826013625807,0.47169647773291556,male
7000,subject_age_gap,gender,"(3.5, 4.75]",,495,6,0.8316926734616058,0.7833122951030118,female
7000,subject_age_gap,gender,"(3.5, 4.75]",,268,3,0.7956322965337269,0.767523830908068,male
8192,subject_age_gap,age_group,"(1.999, 2.5]","(13.0, 20.0]",1025,3,0.44142813659295804,0.3872572748225766,
8192,subject_age_gap,age_group,"(1.999, 2.5]","(20.0, 22.0]",663,2,0.39764837334058944,0.3964833456470331,
8192,subject_age_gap,age_group,"(1.999, 2.5]","(22.0, 26.0]",1892,3,0.4116603829139887,0.39073578006873405,
8192,subject_age_gap,age_group,"(1.999, 2.5]","(26.0, 44.0]",205,1,0.3069161857046732,0.3069161857046732,
8192,subject_age_gap,age_group,"(2.5, 3.0]","(13.0, 20.0]",2996,3,0.1636135434117591,0.16119444275061404,
8192,subject_age_gap,age_group,"(2.5, 3.0]","(20.0, 22.0]",1717,2,0.14224839474339782,0.1415995399090182,
8192,subject_age_gap,age_group,"(2.5, 3.0]","(22.0, 26.0]",2209,3,0.1383557414619995,0.13361323879282108,
8192,subject_age_gap,age_group,"(2.5, 3.0]","(26.0, 44.0]",1211,1,0.1355456475085409,0.1355456475085409,
8192,subject_age_gap,age_group,"(3.0, 3.5]","(13.0, 20.0]",772,3,0.2983036794810715,0.3356866035590402,
8192,subject_age_gap,age_group,"(3.0, 3.5]","(20.0, 22.0]",512,2,0.4071756359189749,0.3837062825629467,
8192,subject_age_gap,age_group,"(3.0, 3.5]","(22.0, 26.0]",1509,3,0.39961536693762595,0.3928405249050579,
8192,subject_age_gap,age_group,"(3.0, 3.5]","(26.0, 44.0]",162,1,0.40431158189420346,0.40431158189420346,
8192,subject_age_gap,age_group,"(3.5, 4.75]","(13.0, 20.0]",202,3,0.4941314399832546,0.6467862040249269,
8192,subject_age_gap,age_group,"(3.5, 4.75]","(20.0, 22.0]",38,2,0.7451326407884297,0.7451326407884297,
8192,subject_age_gap,age_group,"(3.5, 4.75]","(22.0, 26.0]",488,3,0.8479677086970845,0.8966089227712666,
8192,subject_age_gap,age_group,"(3.5, 4.75]","(26.0, 44.0]",35,1,0.7712077208927699,0.7712077208927699,
8192,subject_age_gap,gender,"(1.999, 2.5]",,2075,6,0.4624609392235078,0.4004570856216192,female
8192,subject_age_gap,gender,"(1.999, 2.5]",,1710,3,0.3498698977699057,0.34370650931431873,male
8192,subject_age_gap,gender,"(2.5, 3.0]",,5504,6,0.1565393826296163,0.1524015695376238,female
8192,subject_age_gap,gender,"(2.5, 3.0]",,2629,3,0.13031856974706582,0.12958611824371327,male
8192,subject_age_gap,gender,"(3.0, 3.5]",,2170,6,0.3537705320367066,0.3458879259663589,female
8192,subject_age_gap,gender,"(3.0, 3.5]",,785,3,0.4326119447210032,0.4273259922047458,male
8192,subject_age_gap,gender,"(3.5, 4.75]",,495,6,0.7291465123494466,0.7632948517456736,female
8192,subject_age_gap,gender,"(3.5, 4.75]",,268,3,0.776129028690395,0.7706297574613896,male
